<?xml version="1.0" encoding="UTF-8"?>
<configuration>

    <property name="LOGS" value="./logs" />

    <appender name="Console"
        class="ch.qos.logback.core.ConsoleAppender">
        <layout class="ch.qos.logback.classic.PatternLayout">
            <Pattern>%white(%date{dd-MM-yy HH:mm:ss.SSS}) %highlight(%.-3level)  [%green(%t)] %cyan(%C{1.} %magenta(%L)): %msg%n%throwable</Pattern>
        </layout></appender>

    <appender name="RollingFile"
        class="ch.qos.logback.core.rolling.RollingFileAppender">
        <file>${LOGS}/spring-boot-logger.log</file>
         <filter class="ch.qos.logback.classic.filter.ThresholdFilter">
            <level>error</level>
        </filter>
		<encoder
            class="ch.qos.logback.classic.encoder.PatternLayoutEncoder">
            <Pattern>%date{dd-MM-yy HH:mm:ss.SSS} %.-3level  [%t] %C{1.} %L: %msg%n%throwable</Pattern>
        </encoder>

        <rollingPolicy
            class="ch.qos.logback.core.rolling.TimeBasedRollingPolicy">
            <!-- rollover daily and when the file reaches 10 MegaBytes -->
            
            <fileNamePattern>${LOGS}/archived/spring-boot-logger-%d{yyyy-MM-dd}.%i.log
            </fileNamePattern><timeBasedFileNamingAndTriggeringPolicy
                class="ch.qos.logback.core.rolling.SizeAndTimeBasedFNATP">
                <maxFileSize>10MB</maxFileSize>
            </timeBasedFileNamingAndTriggeringPolicy>
        </rollingPolicy>
    </appender>
    
    <!-- LOG everything at INFO level -->
    <root level="info">
        <appender-ref ref="RollingFile" />
        <appender-ref ref="Console" />
    </root>

</configuration>