<?xml version="1.0" encoding="UTF-8"?>
<configuration>

    <property name="LOGS" value="./logs" />

    <appender name="Console"
        class="ch.qos.logback.core.ConsoleAppender">
        <layout class="ch.qos.logback.classic.PatternLayout">
            <Pattern>%white(%date{dd-MM-yy HH:mm:ss.SSS}) %highlight(%.-3level)  [%green(%t)] %cyan(%C{1.} %magenta(%L)): %msg%n%throwable</Pattern>
        </layout>
    </appender>

    <appender name="RollingFile" class="ch.qos.logback.core.rolling.RollingFileAppender">
        <file>${LOGS}/castores-service-sion-clientes.log</file>
        <filter class="ch.qos.logback.classic.filter.ThresholdFilter">
            <level>error</level>
        </filter>
		<encoder class="ch.qos.logback.classic.encoder.PatternLayoutEncoder">
            <Pattern>%date{dd-MM-yy HH:mm:ss.SSS} %.-3level  [%t] %C{1.} %L: %msg%n%throwable</Pattern>
        </encoder>

        <rollingPolicy class="ch.qos.logback.core.rolling.TimeBasedRollingPolicy">
            <fileNamePattern>${LOGS}/archived/%d{yyyy, aux}/%d{MM, aux}/castores-service-sion-clientes/%d{yyyy-MM-dd}.%i.log</fileNamePattern>
            <timeBasedFileNamingAndTriggeringPolicy class="ch.qos.logback.core.rolling.SizeAndTimeBasedFNATP">
                <maxFileSize>10MB</maxFileSize>
            </timeBasedFileNamingAndTriggeringPolicy>
        </rollingPolicy>
    </appender>
    
    <root level="info">
        <appender-ref ref="RollingFile" />
        <appender-ref ref="Console" />
    </root>

</configuration>